﻿welcome.started,welcome.stopped,participant,session,date,expName,psychopyVersion,OS,frameRate,instructions.started,instructions.stopped,key_resp_3.keys,key_resp_3.rt,key_resp_3.duration,practice.started,practice.stopped,key_resp_2.keys,key_resp_2.corr,key_resp_2.rt,key_resp_2.duration,feedback.started,feedback.stopped,trials_2.thisRepN,trials_2.thisTrialN,trials_2.thisN,trials_2.thisIndex,trials_2.ran,condition,cue_position,go_position,correct,transition.started,transition.stopped,trial.started,trial.stopped,key_resp.keys,key_resp.corr,key_resp.rt,key_resp.duration,trials.thisRepN,trials.thisTrialN,trials.thisN,trials.thisIndex,trials.ran
0.0006,0.9937,156454,001,2025-11-21_12h38.41.163,posner_demo,2025.1.1,MacIntel,56.49717514,,,,,,,,,,,,,,,,,,,,,,,,,,,,,,,,,,,
,,156454,001,2025-11-21_12h38.41.163,posner_demo,2025.1.1,MacIntel,56.49717514,0.9938,1.5607,space,0.5453,,,,,,,,,,,,,,,,,,,,,,,,,,,,,,,
,,156454,001,2025-11-21_12h38.41.163,posner_demo,2025.1.1,MacIntel,56.49717514,,,,,,1.5779,2.6938,k,1,0.235,,2.6941,3.6943,0,0,0,0,1,valid,0.3,0.3,k,,,,,,,,,,,,,
,,156454,001,2025-11-21_12h38.41.163,posner_demo,2025.1.1,MacIntel,56.49717514,,,,,,3.6954,5.4609,s,1,0.8764,,5.4611,6.4598,0,1,1,1,1,invalid,0.3,-0.3,s,,,,,,,,,,,,,
,,156454,001,2025-11-21_12h38.41.163,posner_demo,2025.1.1,MacIntel,56.49717514,,,,,,,,,,,,,,,,,,,,,,,6.4604,7.4607,,,,,,,,,,,
,,156454,001,2025-11-21_12h38.41.163,posner_demo,2025.1.1,MacIntel,56.49717514,,,,,,,,,,,,,,,,,,,valid,-0.3,-0.3,s,,,7.4687,8.3946,k,0,0.0485,,0,0,0,2,1
